<?xml version="1.0" encoding="UTF-8"?>

<process-definition 
  xmlns="urn:jbpm.org:jpdl-3.1"
  name="DAOFind">
   <start-state name="start">
     <task>
        <controller>
          <variable name="color" />
          <variable name="size" />
        </controller>
      </task>
      <transition name="JtACTIVATE" to="Build query">
         <action name="action1" class="Jt.jbpm.JtMessageWrapper" config-type="bean">
            <jbpmMessage>jbpmMessage</jbpmMessage>
            <msgContent>support@fsw.com</msgContent>
            <msgId>JtACTIVATE</msgId>
         </action>
      </transition>
   </start-state>
   <state name="Build query">
      <event type="node-leave">
         <action name="action1" class="Jt.jbpm.JtMessageSender" config-type="bean">
            <jbpmDestination>buildQuery</jbpmDestination>
            <jbpmMessage>jbpmMessage</jbpmMessage>
            <jbpmReply>jbpmQuery</jbpmReply>
         </action>
      </event>
      <event type="node-enter">
         <action name="buildQuery" class="Jt.examples.jbpm.BuildQuery" config-type="bean">

         </action>
         <action name="action1" class="Jt.jbpm.JtValueSetterFromVariable" config-type="bean">
            <jbpmAttribute>msgContent</jbpmAttribute>
            <jbpmObject>jbpmMessage</jbpmObject>
            <jbpmVariable>jtMessage</jbpmVariable>
         </action>
      </event>
      <transition name="JtFIND_RECORDS " to="DAOMember">
         <action name="action1" class="Jt.jbpm.JtMessageWrapper">
            <jbpmMessage>jbpmMessage</jbpmMessage>
            <msgContent>select * from member1 where email like '%fsw.com'  </msgContent>
            <msgId>JtFIND_RECORDS</msgId>
         </action>
         <action name="action2" class="Jt.jbpm.JtValueSetterFromVariable" config-type="bean">
            <jbpmAttribute>msgContent</jbpmAttribute>
            <jbpmObject>jbpmMessage</jbpmObject>
            <jbpmVariable>jbpmQuery</jbpmVariable>
         </action>
      </transition>
   </state>
   <end-state name="end">
      <event type="node-enter">
         <action name="action1" class="Jt.jbpm.JtValueGetter">
            <jbpmAttribute>collection</jbpmAttribute>
            <jbpmObject>jbpmReply</jbpmObject>
            <jbpmVariable>jtReply</jbpmVariable>
         </action>
      </event>
   </end-state>
   <state name="DAOMember">
      <event type="node-enter">
         <action name="DAOMember" class="Jt.examples.DAOMember" config-type="bean"></action>
         <action name="action2" class="Jt.jbpm.JtValueSetterFromVariable" config-type="bean">
            <jbpmAttribute>email</jbpmAttribute>
            <jbpmObject>DAOMember</jbpmObject>
            <jbpmVariable>userEmail</jbpmVariable>
         </action>
         <action name="action3" class="Jt.jbpm.JtValueSetter" config-type="bean">
            <jbpmAttribute>key</jbpmAttribute>
            <jbpmObject>DAOMember</jbpmObject>
            <jbpmValue>email</jbpmValue>
         </action>
         <action name="action4" class="Jt.jbpm.JtValueSetter" config-type="bean">
            <jbpmAttribute>table</jbpmAttribute>
            <jbpmObject>DAOMember</jbpmObject>
            <jbpmValue>member</jbpmValue>
         </action>
      </event>
      <event type="node-leave">
         <action name="action1" class="Jt.jbpm.JtMessageSender">
            <jbpmDestination>DAOMember</jbpmDestination>
            <jbpmException>jtException</jbpmException>
            <jbpmMessage>jbpmMessage</jbpmMessage>
            <jbpmReply>jbpmReply</jbpmReply>
         </action>
      </event>
      <transition name="JtREMOVE (remove the DAO)" to="DAOMember (ref)"></transition>
   </state>
   <state name="DAOMember (ref)">
      <event type="node-enter">
         <action name="action1" class="Jt.jbpm.JtMessageWrapper" config-type="bean">
            <jbpmMessage>JtREMOVE</jbpmMessage>
            <msgId>JtREMOVE</msgId>
         </action>
      </event>
      <event type="node-leave">
         <action name="action1" class="Jt.jbpm.JtMessageSender" config-type="bean">
            <jbpmDestination>DAOMember</jbpmDestination>
            <jbpmMessage>JtREMOVE</jbpmMessage>
         </action>
      </event>
      <transition name="" to="end"></transition>
   </state>

</process-definition>