<?xml version="1.0"?>
<!DOCTYPE hibernate-mapping PUBLIC
        "-//Hibernate/Hibernate Mapping DTD 3.0//EN"
        "http://hibernate.sourceforge.net/hibernate-mapping-3.0.dtd">

<hibernate-mapping>

    <class name="Jt.examples.hibernate.History" table="history">
      <composite-id>

        <key-property name="email"/>
        <!--<key-many-to-one name="email" class="Jt.examples.hibernate.Member" column="email"/>-->
        <key-property name="tstamp" type="timestamp"/>

      </composite-id>  
        <property name="comments"/>
        <property name="subject"/>
        <property name="location"/>  
        <!--<many-to-one  class="Jt.examples.hibernate.Member" name="email" column="email"/>-->
        
    </class>

     


</hibernate-mapping>