<?xml version="1.0"?>
<!DOCTYPE hibernate-mapping PUBLIC
        "-//Hibernate/Hibernate Mapping DTD 3.0//EN"
        "http://hibernate.sourceforge.net/hibernate-mapping-3.0.dtd">

<hibernate-mapping>

    <class name="Jt.examples.hibernate.Member" table="roster">
        <id name="email">
        </id>
        <property name="firstname"/>
        <property name="lastname"/>
        <property name="comments"/>
        <property name="email_flag"/>      
        <property name="subject"/>
        <property name="status"/>
        <property name="location"/>   
        <property name="tstamp"/>   
        <property name="mdate"/>                  
    </class>


</hibernate-mapping>