<?xml version="1.0"?>
<!DOCTYPE hibernate-mapping PUBLIC
        "-//Hibernate/Hibernate Mapping DTD 3.0//EN"
        "http://hibernate.sourceforge.net/hibernate-mapping-3.0.dtd">

<hibernate-mapping>

    <class name="Jt.examples.hibernate.TeamMemberRelationship" table="team_member">
      <composite-id>
        <key-property name="id"/>
        <key-property name="email"/>
      </composite-id>  

     <!--<many-to-one  class="Jt.examples.hibernate.Member" name="email" column="email" insert="false" update="false"/>-->       
     <!--<many-to-one  class="Jt.examples.hibernate.Team" name="id" column="id" insert="false" update="false"/>-->       

    </class>


     


</hibernate-mapping>