<?xml version="1.0" encoding="UTF-8" ?>

<MenuConfig>

  <Displayers>
    <Displayer   name="DropDown"
                 type="net.sf.navigator.displayer.DropDownMenuDisplayer"/>
    <Displayer   name="Simple"
                 type="net.sf.navigator.displayer.SimpleMenuDisplayer"/>
    <Displayer   name="CoolMenu"
                 type="net.sf.navigator.displayer.CoolMenuDisplayer"/>
    <Displayer   name="CoolMenu4"
                 type="net.sf.navigator.displayer.CoolMenuDisplayer4"/>


  </Displayers>



  <!-- ====================   To Do List Menus   =========================== -->


  <Menus>

    <Menu  name="DAOMenu"  title="Data Access Objects">
       <Item   name="TDLnew1"   title="New DAO ..."

                   location="NewDAO.jsp"/>

       <Item   name="TDLopenDAO"   title="Open DAO ..."

                   location="OpenDAO.jsp"/>

       <Item    name="TDLexit1"  title="Back To Main Menu"
                  location="index.jsp"/>
    </Menu>

    <Menu  name="MVCSrcMenu"  title="Tools">

       <Item   name="Srcnew1"   title="Generate Form Bean .."

                   location="GenerateDynaActionForm.jsp"/>

       <Item   name="GenJspForm"   title="Generate Jsp Form .."

                   location="GenerateJsp.jsp"/>

       <Item   name="ActionFormM"   title="Generate ActionForm">
       <Item   name="ActionForm1"   title="From Form Bean .."

                   location="GenerateActionForm1.jsp"/>
       <Item   name="ActionForm"   title="From Java Bean .."

                   location="GenerateActionForm.jsp"/>
       </Item>

       <Item   name="CRUD"   title="CRUD">
       <Item   name="CRUDactions"   title="Generate CRUD Actions .."
           
                   location="GenerateCRUD.jsp"/>
       <Item   name="CRUDjsps"   title="Generate CRUD JSPs .."
           
                   location="GenerateCRUDJsp.jsp"/>


       </Item>
    </Menu>

    <Menu  name="MainMenu"  title="Design Patterns">
       <Item   name="TDLnew11"   title="Data Access Objects .."
           
                   location="DAO.jsp"/>

       <Item    name="TDLexit22"  title="Model View Controller .."
                  location="MVC.jsp"/>

       <Item    name="TDLexit33"  title="Properties"
                  location="WizardConfig.do?jtMsgId=JtREAD"/>
    </Menu>

    <Menu  name="MVCMenu"  title="MVC">
       <Item   name="MVCnew"   title="New">
       <Item   name="MVCaction"   title="Action Mapping .."
           
                   location="NewActionMapping.jsp"/>

       <Item   name="MVCform"   title="Form Bean.."
           
                   location="NewFormBean.do?jtMsgId=NEW"/>

       </Item>
       <Item   name="MVCopen"   title="Open">
       <Item   name="MVCactionOpen"   title="Action Mapping .."
           
                   location="OpenActionMappings.do"/>
       <Item   name="MVCformOpen"   title="Form Bean .."
           
                   location="OpenFormBeans.do"/>

       </Item>

       <Item    name="TDLexit33"  title="Properties"
                  location="WizardConfig.do?jtMsgId=JtREAD"/>

       <Item    name="MVCexit"  title="Back To Main Menu"
                  location="index.jsp"/>
    </Menu>

    <Menu  name="DAOHelpMenu"  title="Help">
       <Item   name="DAOHelp1"   title="Contents"
                   location="help/JtWizard.htm" target="_blank"/>
       <Item   name="DAOHelp12"   title="Jt Pattern Framework"
                   location="http://www.fsw.com/Jt/Jt.htm" target="_blank"/>
       <Item   name="DAOHelp2"   title="Jt Framework API"
                   location="http://fsw.com/Jt/docs/api/" target="_blank"/>
       <Item   name="DAOHelp3"   title="About Jt Wizard"           
                   location="About.jsp"/>

    </Menu>
    <Menu  name="MVCHelpMenu"  title="Help">
       <Item   name="MVCHelp1"   title="Contents"
                   location="help/JtWizard.htm" target="_blank"/>
       <Item   name="DAOHelp12"   title="Jt Pattern Framework"
                   location="http://www.fsw.com/Jt/Jt.htm" target="_blank"/>
       <Item   name="MVCHelp2"   title="Jt Framework API"
                   location="http://fsw.com/Jt/docs/api/" target="_blank"/>
       <Item   name="MVCHelp3"   title="About Jt Wizard"           
                   location="About.jsp" />

    </Menu>
    <Menu  name="HelpMenu"  title="Help">
       <Item   name="Help1"   title="Contents"
                   location="help/JtWizard.htm" target="_blank"/>
       <Item   name="DAOHelp12"   title="Jt Pattern Framework"
                   location="http://www.fsw.com/Jt/Jt.htm" target="_blank"/>
       <Item   name="Help2"   title="Jt Framework API"
                   location="http://fsw.com/Jt/docs/api/" target="_blank"/>
       <Item   name="Help3"   title="About Jt Wizard"           
                   location="About.jsp" />

    </Menu>



  </Menus>

</MenuConfig>
