<?xml version="1.0" encoding="UTF-8"?>
<Object classname="Jt.security.JtAccessManager">

<classEntryAccessList>
  <Object classname="java.util.ArrayList">
    <Object classname="Jt.security.JtClassAccessEntry">
      <enabled>True</enabled>
      <classname>Jt.examples.*</classname>
      <encrypted>false</encrypted>
    </Object>
    <Object classname="Jt.security.JtClassAccessEntry">
      <enabled>True</enabled>
      <classname>Jt.wizard.examples.*</classname>
      <encrypted>false</encrypted>
    </Object>
    <Object classname="Jt.security.JtClassAccessEntry">
      <enabled>True</enabled>
      <classname>Jt.examples.patterns.*</classname>
      <encrypted>false</encrypted>
    </Object>
    <Object classname="Jt.security.JtClassAccessEntry">
      <enabled>true</enabled>
      <classname>Jt.examples.EchoService</classname>
      <encrypted>true</encrypted>
    </Object>
    <Object classname="Jt.security.JtClassAccessEntry">
      <enabled>true</enabled>
      <classname>Jt.examples.DateService</classname>
      <encrypted>false</encrypted>
    </Object>
    <Object classname="Jt.security.JtClassAccessEntry">
      <enabled>true</enabled>
      <classname>Jt.service.Logging</classname>
      <encrypted>true</encrypted>
      <authenticated>true</authenticated>
    </Object>
    <Object classname="Jt.security.JtClassAccessEntry">
      <enabled>true</enabled>
      <classname>Jt.service.RftpService</classname>
      <encrypted>false</encrypted>
    </Object>
  </Object>

</classEntryAccessList>

<componentEntryAccessList>
  <Object classname="java.util.ArrayList">
    <Object classname="Jt.security.JtComponentAccessEntry">
      <enabled>true</enabled>
      <entryId>jtEchoComponent</entryId>
      <encrypted>true</encrypted>
    </Object>
  </Object>
</componentEntryAccessList>

</Object>