<?xml version="1.0" encoding="UTF-8"?>

<process-definition 
  xmlns="urn:jbpm.org:jpdl-3.1"
  name="simple">
   <start-state name="start">
     <task>
        <controller>
          <variable name="color" />
          <variable name="size" />
        </controller>
      </task>
      <transition name="to_state" to="first">
         <action name="action" class="com.sample.action.MessageActionHandler">
            <message>Going to the first state!</message>
         </action>
      </transition>
   </start-state>
   <state name="first">
      <transition name="to_end" to="end">
         <action name="action" class="com.sample.action.MessageActionHandler">
            <message>About to finish!</message>
         </action>
      </transition>
   </state>
   <end-state name="end"></end-state>
</process-definition>