<?xml version="1.0" encoding="UTF-8"?>

<process-diagram name="DAOInsert" width="415" height="509">
  <node name="start" x="49" y="26" width="140" height="40">
    <transition name="JtGET_FIELD (Get email &amp; name fields)">
      <label x="5" y="-10"/>
    </transition>
  </node>
  <node name="StrutsFormWrapper" x="23" y="94" width="194" height="40">
    <transition name="JtFIND (Find record)">
      <label x="5" y="-10"/>
    </transition>
  </node>
  <node name="end" x="48" y="468" width="140" height="40"/>
  <node name="Find Record (DAOMember)" x="15" y="167" width="211" height="40">
    <transition name="">
      <label x="5" y="-10"/>
    </transition>
  </node>
  <node name="Handle Error Message" x="231" y="244" width="157" height="40">
    <transition name="JtREMOVE (Cleanup)">
      <label x="5" y="-10"/>
      <bendpoint w1="1" h1="150" w2="192" h2="-2"/>
    </transition>
  </node>
  <node name="Record found ?" x="48" y="240" width="140" height="40">
    <transition name="yes">
      <label x="-6" y="-14"/>
    </transition>
    <transition name="JtINSERT">
      <label x="5" y="-10"/>
    </transition>
  </node>
  <node name="DAOMember (1)" x="36" y="324" width="165" height="40">
    <transition name="JtREMOVE (Cleanup)">
      <label x="5" y="-10"/>
    </transition>
  </node>
  <node name="DAOMember  (2)" x="36" y="396" width="169" height="40">
    <transition name="">
      <label x="5" y="-10"/>
    </transition>
  </node>
</process-diagram>
