<?xml version='1.0' encoding='utf-8'?>
<!DOCTYPE hibernate-configuration PUBLIC
        "-//Hibernate/Hibernate Configuration DTD 3.0//EN"
        "http://hibernate.sourceforge.net/hibernate-configuration-3.0.dtd">

<hibernate-configuration>

    <session-factory>

        <!-- Database connection settings -->

        <property name="connection.driver_class">com.mysql.jdbc.Driver</property>
        <property name="connection.url">jdbc:mysql://localhost/test</property>
        <property name="connection.username">root</property>
        <property name="connection.password">123456</property>

        

        <!-- JDBC connection pool (use the built-in) -->
        <property name="connection.pool_size">1</property>

        <!-- SQL dialect -->
        <!-- <property name="dialect">org.hibernate.dialect.HSQLDialect</property> -->
        <property name="dialect">org.hibernate.dialect.MySQLDialect</property>

        <!-- Enable Hibernate's automatic session context management -->
        <property name="current_session_context_class">thread</property>
        
 <!--       
        <property name="hibernate.cache.provider_class">org.hibernate.cache.EhCacheProvider</property>
        <property name="hibernate.cache.use_second_level_cache">false</property>
        <property name="hibernate.cache.use_query_cache">false</property> 
-->
        <!-- Disable the second-level cache  -->
        <property name="cache.provider_class">org.hibernate.cache.NoCacheProvider</property>

        <!-- Echo all executed SQL to stdout -->
        <property name="show_sql">true</property>

        <!-- Drop and re-create the database schema on startup -->
        <!--<property name="hbm2ddl.auto">create</property> -->

        <!--
        <mapping resource="Jt/hibernate/events/Event.hbm.xml"/>
        <mapping resource="Jt/hibernate/events/Person.hbm.xml"/>
        -->
        <mapping resource="Jt/examples/hibernate/Member.hbm.xml"/>
        <mapping resource="Jt/examples/hibernate/History.hbm.xml"/>
        <mapping resource="Jt/examples/hibernate/Team.hbm.xml"/>
        <mapping resource="Jt/examples/hibernate/TeamMemberRelationship.hbm.xml"/>
        <mapping resource="Jt/examples/Test.hbm.xml"/>
        <mapping resource="Jt/directory/Entry.hbm.xml"/>
         <!--   
        <mapping resource="com/pilotfish/DAOApplicant.hbm.xml"/>
         -->

    </session-factory>

</hibernate-configuration>
