<?xml version="1.0" encoding="UTF-8"?>
<!DOCTYPE hibernate-mapping PUBLIC "-//Hibernate/Hibernate Mapping DTD 3.0//EN" "http://hibernate.sourceforge.net/hibernate-mapping-3.0.dtd">

<hibernate-mapping>
  <class name="Jt.security.RolePermissions" table="role_permissions">
    <composite-id>
      <key-property name="roleId">
        <column name="roleId" sql-type="varchar(20)" />
      </key-property>
      <key-property name="classname">
        <column name="classname" sql-type="varchar(250)" />
      </key-property>
    </composite-id>
    <property name="deletePermission" />
    <property name="executePermission" />
    <property name="updatePermission" />
    <property name="readPermission" />
    <property name="createPermission" />
<!--
    <many-to-one  class="Jt.security.Role" name="roleId" column="roleId" insert="false" update="false"/>       
-->

  </class>
</hibernate-mapping>

