<?xml version="1.0" encoding="UTF-8"?>
<!DOCTYPE hibernate-mapping PUBLIC "-//Hibernate/Hibernate Mapping DTD 3.0//EN" "http://hibernate.sourceforge.net/hibernate-mapping-3.0.dtd">

<hibernate-mapping>
  <class name="Jt.security.UserRole" table="user_role">
    <id name="userId">
      <column name="userId" sql-type="varchar(50)" />
    </id>
 
    <property name="roleId">
      <column name="roleId" sql-type="varchar(20)" />
    </property>
<!-- 
    <many-to-one  class="Jt.security.Role" name="roleId" column="roleId" insert="false" update="false"/>       
    <many-to-one  class="Jt.portal.JtAccount" name="userId" column="userId" insert="false" update="false"/>       
-->    
  </class>
</hibernate-mapping>


