<?xml version="1.0" encoding="UTF-8"?>
<!DOCTYPE hibernate-mapping PUBLIC "-//Hibernate/Hibernate Mapping DTD 3.0//EN" "http://hibernate.sourceforge.net/hibernate-mapping-3.0.dtd">

<hibernate-mapping>
  <class name="Jt.portal.InProductCategory" table="in_product_category">
    <composite-id>
      <key-property name="productId">
        <column name="productId" sql-type="varchar(50)" />
      </key-property>
      <key-property name="categoryId">
        <column name="categoryId" sql-type="varchar(50)" />
      </key-property>
    </composite-id>
  </class>
</hibernate-mapping>


