<?xml version="1.0" encoding="UTF-8"?>
<!DOCTYPE hibernate-mapping PUBLIC "-//Hibernate/Hibernate Mapping DTD 3.0//EN" "http://hibernate.sourceforge.net/hibernate-mapping-3.0.dtd">

<hibernate-mapping>
  <class name="Jt.portal.JtAccount" table="account">
    <id name="username">
      <column name="username" sql-type="varchar(50)" />
    </id>
    <property name="password">
      <column name="password" sql-type="varchar(60)" not-null="true"/>
    </property>
    <property name="email">
      <column name="email" sql-type="varchar(80)" not-null="true" unique="true" />
    </property>
    <property name="regEmail" />
    <property name="active" />
    <property name="disabled" />
  </class>
</hibernate-mapping>