<?xml version="1.0" encoding="UTF-8"?>
<!DOCTYPE hibernate-mapping PUBLIC "-//Hibernate/Hibernate Mapping DTD 3.0//EN" "http://hibernate.sourceforge.net/hibernate-mapping-3.0.dtd">

<hibernate-mapping>
  <class name="Jt.portal.JtProfile" table="profile">
    <id name="username">
      <column name="username" sql-type="varchar(50)" />
    </id>
    <property name="phone">
      <column name="phone" sql-type="varchar(20)" />
    </property>
    <property name="lastname">
      <column name="lastname" sql-type="varchar(50)" />
    </property>
    <property name="country">
      <column name="country" sql-type="varchar(20)" />
    </property>
    <property name="address">
      <column name="address" sql-type="varchar(50)" />
    </property>
    <property name="firstname">
      <column name="firstname" sql-type="varchar(50)" />
    </property>
    <property name="state">
      <column name="state" sql-type="varchar(15)" />
    </property>
        <property name="city">
      <column name="city" sql-type="varchar(20)" />
    </property>
    <property name="zip">
      <column name="zip" sql-type="varchar(10)" />
    </property>
    <property name="address1">
      <column name="address1" sql-type="varchar(50)" />
    </property>
    <property name="status" />
    <property name="emailFlag" />
<!--
    <many-to-one  class="Jt.portal.JtAccount" name="username" column="username" insert="false" update="false"/>       
-->

  </class>
</hibernate-mapping>