<?xml version="1.0" encoding="UTF-8"?>
<!DOCTYPE hibernate-mapping PUBLIC "-//Hibernate/Hibernate Mapping DTD 3.0//EN" "http://hibernate.sourceforge.net/hibernate-mapping-3.0.dtd">

<hibernate-mapping>
  <class name="Jt.portal.MailingMember" table="mailing">
    <id name="email">
      <column name="email" sql-type="varchar(80)" />
    </id>
    <property name="name">
      <column name="name" sql-type="varchar(80)" />
    </property>
    <property name="emailFlag" />
    <property name="sent" />
  </class>
</hibernate-mapping>


