<?xml version="1.0" encoding="UTF-8"?>
<!DOCTYPE hibernate-mapping PUBLIC "-//Hibernate/Hibernate Mapping DTD 3.0//EN" "http://hibernate.sourceforge.net/hibernate-mapping-3.0.dtd">

<hibernate-mapping>
  <class name="Jt.portal.Order" table="orders">
    <id name="orderId">
      <column name="orderId" sql-type="varchar(50)" />
    </id>
    <property name="amount" />
    <property name="notes">
      <column name="notes" sql-type="varchar(250)" />
    </property>
    <property name="description">
      <column name="description" sql-type="varchar(250)" />
    </property>
    <property name="username">
      <column name="username" sql-type="varchar(50)" />
    </property>
    <property name="status">
      <column name="status" sql-type="varchar(10)" />
    </property>
<!--
    <many-to-one  class="Jt.portal.JtAccount" name="username" column="username" insert="false" update="false"/>       
-->

  </class>
</hibernate-mapping>

