<?xml version="1.0" encoding="UTF-8"?>
<!DOCTYPE hibernate-mapping PUBLIC "-//Hibernate/Hibernate Mapping DTD 3.0//EN" "http://hibernate.sourceforge.net/hibernate-mapping-3.0.dtd">

<hibernate-mapping>
  <class name="Jt.portal.OrderItem" table="order_item">
    <composite-id>
      <key-property name="orderId">
        <column name="orderId" sql-type="varchar(50)" />
      </key-property>
      <key-property name="sequence" />
    </composite-id>
    <property name="color">
      <column name="color" sql-type="varchar(10)" />
    </property>
    <property name="price" />
    <property name="productId">
      <column name="productId" sql-type="varchar(50)" />
    </property>
    <property name="description">
      <column name="description" sql-type="varchar(500)" />
    </property>
    <property name="size" />
    <property name="quantity" />
<!--
    <many-to-one  class="Jt.portal.Order" name="orderId" column="orderId" insert="false" update="false"/>       
-->
  </class>
</hibernate-mapping>
