<?xml version="1.0" encoding="UTF-8"?>
<!DOCTYPE hibernate-mapping PUBLIC "-//Hibernate/Hibernate Mapping DTD 3.0//EN" "http://hibernate.sourceforge.net/hibernate-mapping-3.0.dtd">

<hibernate-mapping>
  <class name="Jt.portal.Product" table="product">
    <id name="productId">
      <column name="productId" sql-type="varchar(50)" />
    </id>
    <property name="color">
      <column name="color" sql-type="varchar(10)" />
    </property>
    <property name="quantityInStock" />
    <property name="price" />
    <property name="description">
      <column name="description" sql-type="varchar(500)" />
    </property>
    <property name="username">
      <column name="username" sql-type="varchar(50)" />
    </property>
    <property name="size" />
<!--
    <many-to-one  class="Jt.portal.JtAccount" name="username" column="username" insert="false" update="false"/>       
-->
  </class>
</hibernate-mapping>


