<?xml version="1.0" encoding="UTF-8"?>
<!DOCTYPE hibernate-mapping PUBLIC "-//Hibernate/Hibernate Mapping DTD 3.0//EN" "http://hibernate.sourceforge.net/hibernate-mapping-3.0.dtd">

<hibernate-mapping>
  <class name="Jt.portal.profile" table="profile">
    <id name="username" />
    <property name="firstname" />
    <property name="lastname" />
     <property name="status" />   
    <property name="address" />
    <property name="address1" />
    <property name="state" />
    <property name="country" />
    <property name="zip" />
    <property name="phone" />
    <property name="emailFlag" />

  </class>
</hibernate-mapping>