<?xml version="1.0" encoding="UTF-8"?>

<process-definition 
  xmlns="urn:jbpm.org:jpdl-3.1"
  name="helloworld">
   <start-state name="start">
     <task>
        <controller>
          <variable name="color" />
          <variable name="size" />
        </controller>
      </task>
      <transition name="JtHello message" to="helloWorld object">
         <action name="action" class="Jt.jbpm.JtMessageWrapper" config-type="bean">
            <jbpmMessage>jbpmMessage</jbpmMessage>
            <msgId>JtHELLO</msgId>
         </action>
      </transition>
   </start-state>
   <state name="helloWorld object">
      <event type="node-leave">
         <action name="action1" class="Jt.jbpm.JtMessageSender" config-type="bean">
            <jbpmDestination>helloWorld</jbpmDestination>
            <jbpmMessage>jbpmMessage</jbpmMessage>
            <jbpmReply>jtReply</jbpmReply>
         </action>
      </event>
      <event type="node-enter">
         <action name="helloWorld" class="Jt.examples.jbpm.HelloWorld" config-type="bean"></action>
      </event>
      <transition name="" to="Print reply"></transition>
   </state>
   <end-state name="end">
   </end-state>
   <state name="Print reply">
      <event type="node-enter">
         <action name="action1" class="Jt.jbpm.JtPrint" config-type="bean">
            <jbpmVariable>jbpmOutput</jbpmVariable>
         </action>
      </event>
      <transition name="" to="end"></transition>
   </state>
</process-definition>