<?xml version="1.0" encoding="UTF-8"?>
<!DOCTYPE hibernate-mapping PUBLIC "-//Hibernate/Hibernate Mapping DTD 3.0//EN" "http://hibernate.sourceforge.net/hibernate-mapping-3.0.dtd">

<hibernate-mapping>
  <class name="Jt.forum.Forum" table="forum">
    <id name="forumId" />
    <property name="description">
      <column name="description" sql-type="varchar(500)" />
    </property>
    <property name="sequence" />
    <property name="posts" />
    <property name="lastPost" />
    <property name="moderatorId">
      <column name="moderatorId" sql-type="varchar(50)" />
    </property>
  </class>
</hibernate-mapping>
