<?xml version="1.0" encoding="UTF-8"?>
<!DOCTYPE hibernate-mapping PUBLIC "-//Hibernate/Hibernate Mapping DTD 3.0//EN" "http://hibernate.sourceforge.net/hibernate-mapping-3.0.dtd">

<hibernate-mapping>
  <class name="Jt.forum.PostingInTopic" table="posting_in_topic">
    <composite-id>
      <key-property name="topicId" />
      <key-property name="postingId" />
    </composite-id>
    <property name="sequence" />
<!--    
    <many-to-one  class="Jt.forum.Posting" name="postingId" column="postingId" insert="false" update="true"/>       
    <many-to-one  class="Jt.forum.Topic" name="topicId" column="topicId" insert="false" update="false"/>       
-->    
  </class>
</hibernate-mapping>
