<?xml version="1.0" encoding="UTF-8"?>
<!DOCTYPE hibernate-mapping PUBLIC "-//Hibernate/Hibernate Mapping DTD 3.0//EN" "http://hibernate.sourceforge.net/hibernate-mapping-3.0.dtd">

<hibernate-mapping>
  <class name="Jt.forum.Posting" table="posting">
    <id name="postingId" />
    <property name="userId">
      <column name="userId" sql-type="varchar(50)" />
    </property>
    <!--
    <property name="subject">
      <column name="subject" sql-type="varchar(80)" />
    </property>
    -->
    <property name="message">
      <column name="message" sql-type="varchar(10000)" />
    </property>
    <property name="date" />
    <property name="approved" />
  </class>
</hibernate-mapping>


