<?xml version="1.0" encoding="UTF-8"?>
<!DOCTYPE hibernate-mapping PUBLIC "-//Hibernate/Hibernate Mapping DTD 3.0//EN" "http://hibernate.sourceforge.net/hibernate-mapping-3.0.dtd">

<hibernate-mapping>
  <class name="Jt.forum.Topic" table="topic">
    <id name="topicId" />

    <property name="subject">
      <column name="subject" sql-type="varchar(250)" />
    </property>
    <property name="replies" />
    <property name="userId">
      <column name="userId" sql-type="varchar(50)" />
    </property>
    <property name="lastPostingId">
      <column name="lastPostingId" />
    </property>
    <property name="approved" />
  </class>
</hibernate-mapping>
