<?xml version="1.0" encoding="UTF-8"?>
<!DOCTYPE hibernate-mapping PUBLIC "-//Hibernate/Hibernate Mapping DTD 3.0//EN" "http://hibernate.sourceforge.net/hibernate-mapping-3.0.dtd">

<hibernate-mapping>
  <class name="Jt.forum.TopicInForum" table="topic_in_forum">
    <composite-id>
      <key-property name="forumId" />
      <key-property name="topicId" />
    </composite-id>
    <property name="sequence" />
<!-- 
    <many-to-one  class="Jt.forum.Forum" name="forumId" column="forumId" insert="false" update="false"/>       
    <many-to-one  class="Jt.forum.Topic" name="topicId" column="topicId" insert="false" update="false"/>       
-->
  </class>
</hibernate-mapping>

