<?xml version="1.0" encoding="UTF-8"?>
<!DOCTYPE hibernate-mapping PUBLIC "-//Hibernate/Hibernate Mapping DTD 3.0//EN" "http://hibernate.sourceforge.net/hibernate-mapping-3.0.dtd">

<hibernate-mapping>
  <class name="Jt.directory.Entry" table="entry">
    <id name="entryId">
      <column name="entryId" />
    </id>
    <property name="title">
      <column name="title" sql-type="varchar(80)" />
    </property>
    <property name="description">
      <column name="description" sql-type="varchar(500)" />
    </property>
    <property name="url">
      <column name="url" sql-type="varchar(250)" />
    </property>
    <property name="email">
      <column name="email" sql-type="varchar(80)" />
    </property>
    <property name="status" />
    <property name="address">
      <column name="address" sql-type="varchar(50)" />
    </property>
    <property name="address1">
      <column name="address1" sql-type="varchar(50)" />
    </property>
    <property name="state">
      <column name="state" sql-type="varchar(15)" />
    </property>
    <property name="city">
      <column name="city" sql-type="varchar(10)" />
    </property>
    <property name="zip">
      <column name="zip" sql-type="varchar(10)" />
    </property>
    <property name="country">
      <column name="country" sql-type="varchar(20)" />
    </property>
    <property name="phone">
      <column name="phone" sql-type="varchar(20)" />
    </property>
    <property name="emailFlag" />
  </class>
</hibernate-mapping>



