<?xml version="1.0" encoding="UTF-8"?>

<process-definition 
  xmlns="urn:jbpm.org:jpdl-3.1"
  name="DAOInsert">
   <start-state name="start">
     <task>
        <controller>
          <variable name="color" />
          <variable name="size" />
        </controller>
      </task>
      <transition name="JtGET_FIELD (Get email &amp; name fields)" to="StrutsFormWrapper">
      </transition>
   </start-state>
   <state name="StrutsFormWrapper">
      <event type="node-leave">
         <action name="action1" class="Jt.jbpm.JtMessageSender" config-type="bean">
            <jbpmDestination>StrutsFormWrapper</jbpmDestination>
            <jbpmMessage>JtGET_FIELD</jbpmMessage>
            <jbpmReply>email</jbpmReply>
         </action>
         <action name="action2" class="Jt.jbpm.JtValueSetterFromVariable" config-type="bean">
            <jbpmAttribute>email</jbpmAttribute>
            <jbpmObject>Member</jbpmObject>
            <jbpmVariable>email</jbpmVariable>
         </action>
         <action name="action3" class="Jt.jbpm.JtMessageSender" config-type="bean">
            <jbpmDestination>StrutsFormWrapper</jbpmDestination>
            <jbpmMessage>JtGET_FIELD1</jbpmMessage>
            <jbpmReply>name</jbpmReply>
         </action>
         <action name="action4" class="Jt.jbpm.JtValueSetterFromVariable" config-type="bean">
            <jbpmAttribute>firstname</jbpmAttribute>
            <jbpmObject>Member</jbpmObject>
            <jbpmVariable>name</jbpmVariable>
         </action>
      </event>
      <event type="node-enter">
         <action name="Member" class="Jt.examples.hibernate.Member" config-type="bean"></action>
         <action name="StrutsFormWrapper" class="Jt.struts.JtStrutsFormWrapper" config-type="bean"></action>
         <action name="JtGET_FIELD" class="Jt.jbpm.JtMessageWrapper" config-type="bean">
            <jbpmMessage>JtGET_FIELD</jbpmMessage>
            <msgContent>email</msgContent>
            <msgId>JtGET_FIELD</msgId>
         </action>
         <action name="JtGET_FIELD1" class="Jt.jbpm.JtMessageWrapper" config-type="bean">
            <jbpmMessage>JtGET_FIELD1</jbpmMessage>
            <msgContent>name</msgContent>
            <msgId>JtGET_FIELD</msgId>
         </action>
      </event>
      <transition name="JtFIND (Find record)" to="Find Record (JtHibernateAdapter)">
         <action name="action1" class="Jt.jbpm.JtMessageWrapper" config-type="bean">
            <jbpmMessage>jbpmMessage</jbpmMessage>
            <msgId>JtFIND</msgId>
         </action>
         <action name="action2" class="Jt.jbpm.JtValueSetterFromVariable" config-type="bean">
            <jbpmAttribute>msgContent</jbpmAttribute>
            <jbpmObject>jbpmMessage</jbpmObject>
            <jbpmVariable>Member</jbpmVariable>
         </action>
         <action name="action3" class="Jt.jbpm.JtValueSetterFromVariable" config-type="bean">
            <jbpmAttribute>msgData</jbpmAttribute>
            <jbpmObject>jbpmMessage</jbpmObject>
            <jbpmVariable>email</jbpmVariable>
         </action>
      </transition>
   </state>
   <end-state name="end"></end-state>
   <state name="Find Record (JtHibernateAdapter)">
      <event type="node-enter">
         <action name="HibernateAdapter" class="Jt.hibernate.JtHibernateAdapter" config-type="bean"></action>
      </event>
      <event type="node-leave">
         <action name="action1" class="Jt.jbpm.JtMessageSender" config-type="bean">
            <jbpmDestination>HibernateAdapter</jbpmDestination>
            <jbpmException>jbpmException</jbpmException>
            <jbpmMessage>jbpmMessage</jbpmMessage>
            <jbpmReply>jbpmReply</jbpmReply>
         </action>
      </event>
      <transition name="" to="Record found ?">
      </transition>
   </state>
   <state name="Handle Error Message">
 
      <event type="node-leave">
         <action name="action1" class="Jt.jbpm.JtErrorHandler">
            <message>Email address already exists.</message>
         </action>
      </event>
      <transition name="JtREMOVE (Cleanup)" to="JtHibernateAdapter (2)"></transition>
   </state>
   <state name="Record found ?">
      <event type="node-enter">
         <action name="action1" class="Jt.jbpm.JtVariableIsNotNull" config-type="bean">
            <falseTransition>JtINSERT</falseTransition>
            <jbpmVariable>jbpmReply</jbpmVariable>
            <trueTransition>yes</trueTransition>
         </action>
      </event>
      <transition name="yes" to="Handle Error Message"></transition>
      <transition name="JtINSERT" to="JtHibernateAdapter (1)">
         <action name="action2" class="Jt.jbpm.JtMessageWrapper" config-type="bean">
            <jbpmMessage>JtINSERT</jbpmMessage>
            <msgId>JtINSERT</msgId>
         </action>
         <action name="action1" class="Jt.jbpm.JtValueSetterFromVariable" config-type="bean">
            <jbpmAttribute>msgContent</jbpmAttribute>
            <jbpmObject>JtINSERT</jbpmObject>
            <jbpmVariable>Member</jbpmVariable>
         </action>
      </transition>
   </state>
   <state name="JtHibernateAdapter (1)">
      <event type="node-leave">
         <action name="action2" class="Jt.jbpm.JtMessageSender" config-type="bean">
            <jbpmDestination>HibernateAdapter</jbpmDestination>
            <jbpmMessage>JtINSERT</jbpmMessage>
         </action>
      </event>
      <transition name="JtREMOVE (Cleanup)" to="JtHibernateAdapter (2)"></transition>
   </state>
   <state name="JtHibernateAdapter (2)">
      <event type="node-enter">
         <action name="JtREMOVE" class="Jt.jbpm.JtMessageWrapper" config-type="bean">
            <jbpmMessage>JtREMOVE</jbpmMessage>
            <msgId>JtREMOVE</msgId>
         </action>
      </event>
      <event type="node-leave">
         <action name="action1" class="Jt.jbpm.JtMessageSender" config-type="bean">
            <jbpmDestination>HibernateAdapter</jbpmDestination>
            <jbpmMessage>JtREMOVE</jbpmMessage>
         </action>
      </event>
      <transition name="" to="end">
      </transition>
   </state>

</process-definition>