<?xml version="1.0" encoding="UTF-8"?>

<!DOCTYPE ejb-jar PUBLIC "-//Sun Microsystems, Inc.//DTD Enterprise JavaBeans 2.0//EN" "http://java.sun.com/dtd/ejb-jar_2_0.dtd">

<ejb-jar >

   <description><![CDATA[No Description.]]></description>
   <display-name>Generated by XDoclet</display-name>

   <enterprise-beans>

      <!-- Session Beans -->

      <session >

         <ejb-name>JtSessionFacade</ejb-name>

         <home>Jt.ejb.JtSessionFacadeHome</home>
         <remote>Jt.ejb.JtSessionFacade</remote>
         <ejb-class>Jt.ejb.JtSessionFacadeEJB</ejb-class>
         <session-type>Stateful</session-type>
         <transaction-type>Container</transaction-type>

      </session>

      <entity >

         <ejb-name>BMPEntityExample</ejb-name>
         <home>Jt.ejb.examples.bmp.MemberHome</home>
         <remote>Jt.ejb.examples.bmp.Member</remote>
         <local-home>Jt.ejb.examples.bmp.MemberLocalHome</local-home>
         <local>Jt.ejb.examples.bmp.MemberLocal</local>
         <ejb-class>Jt.ejb.examples.bmp.MemberEJB</ejb-class>
         <persistence-type>Bean</persistence-type>
         <prim-key-class>java.lang.String</prim-key-class>
         <reentrant>False</reentrant>


      </entity>


     <!--
       To add session beans that you have deployment descriptor info for, add
       a file to your XDoclet merge directory called session-beans.xml that contains
       the <session></session> markup for those beans.
     -->

      <!-- Entity Beans -->
     <!--
       To add entity beans that you have deployment descriptor info for, add
       a file to your XDoclet merge directory called entity-beans.xml that contains
       the <entity></entity> markup for those beans.
     -->

      <!-- Message Driven Beans -->
     <!--
       To add message driven beans that you have deployment descriptor info for, add
       a file to your XDoclet merge directory called message-driven-beans.xml that contains
       the <message-driven></message-driven> markup for those beans.
     -->

   </enterprise-beans>

   <!-- Relationships -->

   <!-- Assembly Descriptor -->
     <!--
       To specify your own assembly descriptor info here, add a file to your
       XDoclet merge directory called assembly-descriptor.xml that contains
       the <assembly-descriptor></assembly-descriptor> markup.
     -->

   <assembly-descriptor >

      <container-transaction>
        <method>
        <ejb-name>BMPEntityExample</ejb-name>
        <method-name>*</method-name>
        </method>
        <trans-attribute>Required</trans-attribute>
      </container-transaction>
     <!--
       To specify additional security-role elements, add a file in the merge
       directory called ejb-security-roles.xml that contains them.
     -->

   <!-- method permissions -->
     <!--
       To specify additional method-permission elements, add a file in the merge
       directory called ejb-method-permissions.ent that contains them.
     -->

   <!-- finder permissions -->

   <!-- transactions -->
     <!--
       To specify additional container-transaction elements, add a file in the merge
       directory called ejb-container-transaction.ent that contains them.
     -->

   <!-- finder transactions -->

     <!--
       To specify an exclude-list element, add a file in the merge directory
       called ejb-exclude-list.xml that contains it.
     -->
   </assembly-descriptor>

</ejb-jar>
