<?xml version="1.0" encoding="UTF-8"?>

<!DOCTYPE weblogic-ejb-jar PUBLIC "-//BEA Systems, Inc.//DTD WebLogic 6.0.0 EJB//EN" "http://www.bea.com/servers/wls600/dtd/weblogic-ejb-jar.dtd">

<weblogic-ejb-jar>
 <description><![CDATA[Generated by XDoclet]]></description>
   <weblogic-enterprise-bean>
      <ejb-name>JtSessionFacade</ejb-name>
      <stateful-session-descriptor>
      </stateful-session-descriptor>
      <reference-descriptor>
      </reference-descriptor>

      <jndi-name>JtSessionFacade</jndi-name>
   </weblogic-enterprise-bean>

   <weblogic-enterprise-bean>
      <ejb-name>BMPEntityExample</ejb-name>
      <jndi-name>BMPEntityExample</jndi-name>
      <local-jndi-name>LocalBMPEntityExample</local-jndi-name>
   </weblogic-enterprise-bean>
<!-- 
To add enterprise beans that you have deployment descriptor info for, add 
a file to your XDoclet merge directory called weblogic-enterprise-beans.xml that contains 
the <weblogic-enterprise-bean></weblogic-enterprise-bean> markup for those beans. 
--> 

</weblogic-ejb-jar>
